Begin,End,Label,Type,Speaker
0.84,1.15,má,words,012842
1.15,1.56,ég,words,012842
1.59,2.2186875,sjá,words,012842
0.84,0.93,m,phones,012842
0.93,1.15,auː,phones,012842
1.15,1.37,j,phones,012842
1.37,1.5,ɛː,phones,012842
1.5,1.56,ɣ,phones,012842
1.59,1.83,s,phones,012842
1.83,1.98,j,phones,012842
1.98,2.2186875,auː,phones,012842
