Begin,End,Label,Type,Speaker
0.44,0.98,ertu,words,012842
0.98,1.5786875,heima,words,012842
0.44,0.58,ɛ,phones,012842
0.58,0.8,r̥,phones,012842
0.8,0.89,t,phones,012842
0.89,0.98,ʏ,phones,012842
0.98,1.08,h,phones,012842
1.08,1.3,eiː,phones,012842
1.3,1.45,m,phones,012842
1.45,1.5786875,a,phones,012842
