Begin,End,Label,Type,Speaker
0.44,0.7,hvað,words,013298
0.87,1.17,kemur,words,013298
1.17,1.5789375,næst,words,013298
0.44,0.47,k,phones,013298
0.47,0.49,v,phones,013298
0.49,0.69,aː,phones,013298
0.69,0.7,ð,phones,013298
0.87,0.9,cʰ,phones,013298
0.9,0.98,ɛː,phones,013298
0.98,1.13,m,phones,013298
1.13,1.17,ʏ,phones,013298
1.17,1.27,n,phones,013298
1.27,1.43,ai,phones,013298
1.43,1.53,s,phones,013298
1.53,1.5789375,t,phones,013298
