Begin,End,Label,Type,Speaker
0.7,1.43,grímur,words,014105
1.77,2.29,ekki,words,014105
2.29,2.5173125,það,words,014105
0.7,0.77,k,phones,014105
0.77,0.78,r,phones,014105
0.78,1.04,iː,phones,014105
1.04,1.14,m,phones,014105
1.14,1.3,ʏ,phones,014105
1.3,1.43,r,phones,014105
1.77,1.9,ɛ,phones,014105
1.9,2.04,h,phones,014105
2.04,2.11,c,phones,014105
2.11,2.29,ɪ,phones,014105
2.29,2.3,θ,phones,014105
2.3,2.49,aː,phones,014105
2.49,2.5173125,ð,phones,014105
