Begin,End,Label,Type,Speaker
0.66,0.84,hvað,words,016120
0.84,1.25,éta,words,016120
1.25,1.34675,þau,words,016120
0.66,0.73,k,phones,016120
0.73,0.75,v,phones,016120
0.75,0.8,aː,phones,016120
0.8,0.84,ð,phones,016120
0.84,0.94,j,phones,016120
0.94,1.01,ɛː,phones,016120
1.01,1.1,t,phones,016120
1.1,1.25,a,phones,016120
1.25,1.26,θ,phones,016120
1.26,1.34675,œyː,phones,016120
