Begin,End,Label,Type,Speaker
1.18,1.42,en,words,018997
1.45,1.5,á,words,018997
1.54,1.89,því,words,018997
1.89,2.50775,næsta,words,018997
1.18,1.21,ɛ,phones,018997
1.21,1.42,n,phones,018997
1.45,1.5,auː,phones,018997
1.54,1.82,θ,phones,018997
1.82,1.84,v,phones,018997
1.84,1.89,iː,phones,018997
1.89,2.07,n,phones,018997
2.07,2.17,ai,phones,018997
2.17,2.42,s,phones,018997
2.42,2.46,t,phones,018997
2.46,2.50775,a,phones,018997
