Begin,End,Label,Type,Speaker
0.5,1.01,talaðu,words,015706
1.01,1.21,við,words,015706
1.21,1.3653125,hana,words,015706
0.5,0.61,tʰ,phones,015706
0.61,0.73,aː,phones,015706
0.73,0.81,l,phones,015706
0.81,0.84,a,phones,015706
0.84,0.92,ð,phones,015706
0.92,1.01,ʏ,phones,015706
1.01,1.03,v,phones,015706
1.03,1.2,ɪː,phones,015706
1.2,1.21,ð,phones,015706
1.21,1.24,h,phones,015706
1.24,1.31,aː,phones,015706
1.31,1.34,n,phones,015706
1.34,1.3653125,a,phones,015706
