Begin,End,Label,Type,Speaker
0.69,1.53,kæri,words,024832
1.53,2.04,kæra,words,024832
2.04,2.786375,kæru,words,024832
0.69,0.72,cʰ,phones,024832
0.72,0.93,aiː,phones,024832
0.93,1.5,r,phones,024832
1.5,1.53,ɪ,phones,024832
1.53,1.58,cʰ,phones,024832
1.58,1.81,aiː,phones,024832
1.81,1.82,r,phones,024832
1.82,2.04,a,phones,024832
2.04,2.15,cʰ,phones,024832
2.15,2.18,aiː,phones,024832
2.18,2.76,r,phones,024832
2.76,2.786375,ʏ,phones,024832
