Begin,End,Label,Type,Speaker
0.15,0.66,talaðu,words,024931
0.66,0.79,við,words,024931
0.79,1.0666875,hana,words,024931
0.15,0.23,tʰ,phones,024931
0.23,0.36,aː,phones,024931
0.36,0.43,l,phones,024931
0.43,0.51,a,phones,024931
0.51,0.59,ð,phones,024931
0.59,0.66,ʏ,phones,024931
0.66,0.68,v,phones,024931
0.68,0.78,ɪː,phones,024931
0.78,0.79,ð,phones,024931
0.79,0.86,h,phones,024931
0.86,0.93,aː,phones,024931
0.93,1.02,n,phones,024931
1.02,1.0666875,a,phones,024931
