Begin,End,Label,Type,Speaker
0.24,0.4,þeir,words,024931
0.4,0.56,eru,words,024931
0.56,1.0666875,svartir,words,024931
0.24,0.25,θ,phones,024931
0.25,0.39,eiː,phones,024931
0.39,0.4,r,phones,024931
0.4,0.5,ɛː,phones,024931
0.5,0.51,r,phones,024931
0.51,0.56,ʏ,phones,024931
0.56,0.69,s,phones,024931
0.69,0.71,v,phones,024931
0.71,0.78,a,phones,024931
0.78,0.92,r̥,phones,024931
0.92,0.99,t,phones,024931
0.99,1.02,ɪ,phones,024931
1.02,1.0666875,r,phones,024931
