Begin,End,Label,Type,Speaker
0.16,0.54,dísa,words,024931
0.54,0.77,les,words,024931
0.77,1.2373125,mikið,words,024931
0.16,0.21,t,phones,024931
0.21,0.37,iː,phones,024931
0.37,0.48,s,phones,024931
0.48,0.54,a,phones,024931
0.54,0.6,l,phones,024931
0.6,0.68,ɛː,phones,024931
0.68,0.77,s,phones,024931
0.77,0.88,m,phones,024931
0.88,1.11,ɪː,phones,024931
1.11,1.18,c,phones,024931
1.18,1.21,ɪ,phones,024931
1.21,1.2373125,ð,phones,024931
