Begin,End,Label,Type,Speaker
0.34,1.2,velkomnir,words,025073
1.23,1.4,í,words,025073
1.4,1.857625,bíó,words,025073
0.34,0.4,v,phones,025073
0.4,0.49,ɛ,phones,025073
0.49,0.61,l,phones,025073
0.61,0.66,k,phones,025073
0.66,0.72,ɔ,phones,025073
0.72,0.77,m,phones,025073
0.77,0.89,n,phones,025073
0.89,1.1,ɪ,phones,025073
1.1,1.2,r,phones,025073
1.23,1.4,iː,phones,025073
1.4,1.45,p,phones,025073
1.45,1.6,iː,phones,025073
1.6,1.7,j,phones,025073
1.7,1.857625,ou,phones,025073
