Begin,End,Label,Type,Speaker
0.29,0.49,hún,words,025266
0.49,0.82,heitir,words,025266
0.82,1.068125,hanna,words,025266
0.29,0.33,h,phones,025266
0.33,0.42,uː,phones,025266
0.42,0.49,n,phones,025266
0.49,0.57,h,phones,025266
0.57,0.68,eiː,phones,025266
0.68,0.74,t,phones,025266
0.74,0.79,ɪ,phones,025266
0.79,0.82,r,phones,025266
0.82,0.9,h,phones,025266
0.9,0.95,a,phones,025266
0.95,0.99,n,phones,025266
0.99,1.068125,a,phones,025266
