Begin,End,Label,Type,Speaker
0.44,0.88,dísa,words,025266
0.88,1.48,les,words,025266
1.48,1.6254375,mikið,words,025266
0.44,0.5,t,phones,025266
0.5,0.63,iː,phones,025266
0.63,0.78,s,phones,025266
0.78,0.88,a,phones,025266
0.88,1.08,l,phones,025266
1.08,1.26,ɛː,phones,025266
1.26,1.48,s,phones,025266
1.48,1.53,m,phones,025266
1.53,1.54,ɪː,phones,025266
1.54,1.57,c,phones,025266
1.57,1.6,ɪ,phones,025266
1.6,1.6254375,ð,phones,025266
