Begin,End,Label,Type,Speaker
0.96,1.16,hvað,words,025266
1.16,1.25,er,words,025266
1.25,1.6254375,klukkan,words,025266
0.96,1.04,k,phones,025266
1.04,1.06,v,phones,025266
1.06,1.09,aː,phones,025266
1.09,1.16,ð,phones,025266
1.16,1.2,ɛː,phones,025266
1.2,1.25,r,phones,025266
1.25,1.33,k,phones,025266
1.33,1.36,l,phones,025266
1.36,1.4,ʏ,phones,025266
1.4,1.48,h,phones,025266
1.48,1.55,k,phones,025266
1.55,1.58,a,phones,025266
1.58,1.6254375,n,phones,025266
