Begin,End,Label,Type,Speaker
0.39,0.67,já,words,025266
0.67,1.08,takk,words,025266
1.14,1.34675,þrjá,words,025266
0.39,0.49,j,phones,025266
0.49,0.67,auː,phones,025266
0.67,0.73,tʰ,phones,025266
0.73,0.81,a,phones,025266
0.81,0.91,h,phones,025266
0.91,1.08,k,phones,025266
1.14,1.15,θ,phones,025266
1.15,1.21,r,phones,025266
1.21,1.27,j,phones,025266
1.27,1.34675,auː,phones,025266
