Begin,End,Label,Type,Speaker
0.57,0.88,hann,words,025208
0.88,1.17,heitir,words,025208
1.17,1.7183125,hannes,words,025208
0.57,0.74,h,phones,025208
0.74,0.83,a,phones,025208
0.83,0.88,n,phones,025208
0.88,0.94,h,phones,025208
0.94,1.05,eiː,phones,025208
1.05,1.1,t,phones,025208
1.1,1.14,ɪ,phones,025208
1.14,1.17,r,phones,025208
1.17,1.23,h,phones,025208
1.23,1.3,a,phones,025208
1.3,1.41,n,phones,025208
1.41,1.51,ɛ,phones,025208
1.51,1.7183125,s,phones,025208
