Begin,End,Label,Type,Speaker
0.86,1.31,dísa,words,025416
1.31,1.68,les,words,025416
1.68,2.13625,mikið,words,025416
0.86,0.92,t,phones,025416
0.92,1.09,iː,phones,025416
1.09,1.26,s,phones,025416
1.26,1.31,a,phones,025416
1.31,1.43,l,phones,025416
1.43,1.56,ɛː,phones,025416
1.56,1.68,s,phones,025416
1.68,1.78,m,phones,025416
1.78,2.01,ɪː,phones,025416
2.01,2.1,c,phones,025416
2.1,2.11,ɪ,phones,025416
2.11,2.13625,ð,phones,025416
