Begin,End,Label,Type,Speaker
0.57,0.69,kemurðu,words,025517
0.69,0.72,á,words,025517
0.72,1.109375,morgun,words,025517
0.57,0.58,cʰ,phones,025517
0.58,0.59,ɛː,phones,025517
0.59,0.62,m,phones,025517
0.62,0.65,ʏ,phones,025517
0.65,0.66,r,phones,025517
0.66,0.69,ʏ,phones,025517
0.69,0.72,auː,phones,025517
0.72,0.77,m,phones,025517
0.77,0.86,ɔ,phones,025517
0.86,0.96,r,phones,025517
0.96,1.02,k,phones,025517
1.02,1.08,ʏ,phones,025517
1.08,1.109375,n,phones,025517
