Begin,End,Label,Type,Speaker
0.44,0.75,bless,words,025513
0.75,0.84,í,words,025513
0.84,1.109375,bili,words,025513
0.44,0.47,p,phones,025513
0.47,0.53,l,phones,025513
0.53,0.61,ɛ,phones,025513
0.61,0.75,s,phones,025513
0.75,0.84,iː,phones,025513
0.84,0.87,p,phones,025513
0.87,0.98,ɪː,phones,025513
0.98,1.06,l,phones,025513
1.06,1.109375,ɪ,phones,025513
