Begin,End,Label,Type,Speaker
0.82,1.03,komdu,words,025513
1.03,1.06,á,words,025513
1.14,1.365375,morgun,words,025513
0.82,0.85,kʰ,phones,025513
0.85,0.94,ɔː,phones,025513
0.94,0.97,m,phones,025513
0.97,1.0,t,phones,025513
1.0,1.03,ʏ,phones,025513
1.03,1.06,auː,phones,025513
1.14,1.17,m,phones,025513
1.17,1.2,ɔ,phones,025513
1.2,1.23,r,phones,025513
1.23,1.28,k,phones,025513
1.28,1.32,ʏ,phones,025513
1.32,1.365375,n,phones,025513
