Begin,End,Label,Type,Speaker
1.02,1.61,opnaðu,words,025617
1.61,1.857625,ofninn,words,025617
1.02,1.12,ɔ,phones,025617
1.12,1.24,h,phones,025617
1.24,1.27,p,phones,025617
1.27,1.36,n,phones,025617
1.36,1.55,a,phones,025617
1.55,1.58,ð,phones,025617
1.58,1.61,ʏ,phones,025617
1.61,1.73,ɔ,phones,025617
1.73,1.77,p,phones,025617
1.77,1.8,n,phones,025617
1.8,1.83,ɪ,phones,025617
1.83,1.857625,n,phones,025617
