Begin,End,Label,Type,Speaker
0.71,1.13,dísa,words,025617
1.13,1.44,les,words,025617
1.44,1.5789375,mikið,words,025617
0.71,0.76,t,phones,025617
0.76,0.88,iː,phones,025617
0.88,1.04,s,phones,025617
1.04,1.13,a,phones,025617
1.13,1.22,l,phones,025617
1.22,1.33,ɛː,phones,025617
1.33,1.44,s,phones,025617
1.44,1.48,m,phones,025617
1.48,1.49,ɪː,phones,025617
1.49,1.52,c,phones,025617
1.52,1.55,ɪ,phones,025617
1.55,1.5789375,ð,phones,025617
