Begin,End,Label,Type,Speaker
0.43,0.67,hann,words,025617
0.67,0.85,fer,words,025617
0.85,0.93,á,words,025617
0.93,1.34675,morgun,words,025617
0.43,0.5,h,phones,025617
0.5,0.57,a,phones,025617
0.57,0.67,n,phones,025617
0.67,0.75,f,phones,025617
0.75,0.84,ɛː,phones,025617
0.84,0.85,r,phones,025617
0.85,0.93,auː,phones,025617
0.93,1.01,m,phones,025617
1.01,1.1,ɔ,phones,025617
1.1,1.2,r,phones,025617
1.2,1.28,k,phones,025617
1.28,1.32,ʏ,phones,025617
1.32,1.34675,n,phones,025617
