Begin,End,Label,Type,Speaker
0.38,0.65,hvað,words,025754
0.65,0.74,er,words,025754
0.74,1.0666875,klukkan,words,025754
0.38,0.46,k,phones,025754
0.46,0.48,v,phones,025754
0.48,0.61,aː,phones,025754
0.61,0.65,ð,phones,025754
0.65,0.68,ɛː,phones,025754
0.68,0.74,r,phones,025754
0.74,0.8,k,phones,025754
0.8,0.83,l,phones,025754
0.83,0.87,ʏ,phones,025754
0.87,0.93,h,phones,025754
0.93,0.99,k,phones,025754
0.99,1.02,a,phones,025754
1.02,1.0666875,n,phones,025754
