Begin,End,Label,Type,Speaker
0.48,0.79,dísa,words,026915
0.79,1.03,les,words,026915
1.03,1.34675,mikið,words,026915
0.48,0.52,t,phones,026915
0.52,0.61,iː,phones,026915
0.61,0.72,s,phones,026915
0.72,0.79,a,phones,026915
0.79,0.85,l,phones,026915
0.85,0.94,ɛː,phones,026915
0.94,1.03,s,phones,026915
1.03,1.08,m,phones,026915
1.08,1.22,ɪː,phones,026915
1.22,1.28,c,phones,026915
1.28,1.32,ɪ,phones,026915
1.32,1.34675,ð,phones,026915
