Begin,End,Label,Type,Speaker
0.6,0.76,já,words,026915
0.76,0.97,takk,words,026915
0.97,1.2074375,þrjá,words,026915
0.6,0.7,j,phones,026915
0.7,0.76,auː,phones,026915
0.76,0.82,tʰ,phones,026915
0.82,0.87,a,phones,026915
0.87,0.91,h,phones,026915
0.91,0.97,k,phones,026915
0.97,0.98,θ,phones,026915
0.98,1.01,r,phones,026915
1.01,1.09,j,phones,026915
1.09,1.2074375,auː,phones,026915
