Begin,End,Label,Type,Speaker
0.42,0.56,hann,words,026915
0.56,0.73,heitir,words,026915
0.73,1.068125,hannes,words,026915
0.42,0.5,h,phones,026915
0.5,0.53,a,phones,026915
0.53,0.56,n,phones,026915
0.56,0.6,h,phones,026915
0.6,0.63,eiː,phones,026915
0.63,0.67,t,phones,026915
0.67,0.7,ɪ,phones,026915
0.7,0.73,r,phones,026915
0.73,0.81,h,phones,026915
0.81,0.85,a,phones,026915
0.85,0.95,n,phones,026915
0.95,1.02,ɛ,phones,026915
1.02,1.068125,s,phones,026915
