Begin,End,Label,Type,Speaker
0.55,0.68,gjörðu,words,027049
0.68,0.87,svo,words,027049
0.87,1.068125,vel,words,027049
0.55,0.6,c,phones,027049
0.6,0.63,œ,phones,027049
0.63,0.64,r,phones,027049
0.64,0.65,ð,phones,027049
0.65,0.68,ʏ,phones,027049
0.68,0.77,s,phones,027049
0.77,0.79,v,phones,027049
0.79,0.87,ɔː,phones,027049
0.87,0.89,v,phones,027049
0.89,1.02,ɛː,phones,027049
1.02,1.068125,l,phones,027049
