Begin,End,Label,Type,Speaker
0.61,0.75,hvað,words,027049
0.75,1.1,heitir,words,027049
1.1,1.2074375,hún,words,027049
0.61,0.64,k,phones,027049
0.64,0.66,v,phones,027049
0.66,0.74,aː,phones,027049
0.74,0.75,ð,phones,027049
0.75,0.83,h,phones,027049
0.83,0.96,eiː,phones,027049
0.96,1.01,t,phones,027049
1.01,1.05,ɪ,phones,027049
1.05,1.1,r,phones,027049
1.1,1.13,h,phones,027049
1.13,1.16,uː,phones,027049
1.16,1.2074375,n,phones,027049
