Begin,End,Label,Type,Speaker
0.71,1.08,lest,words,027049
1.08,1.32,list,words,027049
1.32,1.439625,líst,words,027049
0.71,0.82,l,phones,027049
0.82,0.9,ɛ,phones,027049
0.9,1.02,s,phones,027049
1.02,1.08,t,phones,027049
1.08,1.16,l,phones,027049
1.16,1.23,ɪ,phones,027049
1.23,1.29,s,phones,027049
1.29,1.32,t,phones,027049
1.32,1.35,l,phones,027049
1.35,1.36,i,phones,027049
1.36,1.39,s,phones,027049
1.39,1.439625,t,phones,027049
