Begin,End,Label,Type,Speaker
0.34,0.75,dísa,words,027628
0.75,1.06,les,words,027628
1.06,1.34675,mikið,words,027628
0.34,0.42,t,phones,027628
0.42,0.58,iː,phones,027628
0.58,0.7,s,phones,027628
0.7,0.75,a,phones,027628
0.75,0.84,l,phones,027628
0.84,0.97,ɛː,phones,027628
0.97,1.06,s,phones,027628
1.06,1.12,m,phones,027628
1.12,1.28,ɪː,phones,027628
1.28,1.31,c,phones,027628
1.31,1.32,ɪ,phones,027628
1.32,1.34675,ð,phones,027628
