Begin,End,Label,Type,Speaker
0.58,0.8,og,words,012828
0.83,1.2074375,börnin,words,012828
0.58,0.71,ɔː,phones,012828
0.71,0.8,ɣ,phones,012828
0.83,0.89,p,phones,012828
0.89,0.97,œ,phones,012828
0.97,1.08,r,phones,012828
1.08,1.11,t,phones,012828
1.11,1.15,n,phones,012828
1.15,1.16,ɪ,phones,012828
1.16,1.2074375,n,phones,012828
