Begin,End,Label,Type,Speaker
0.63,0.87,er,words,012842
0.87,1.98,sveinn,words,012842
1.98,2.6453125,hérna,words,012842
0.63,0.86,ɛː,phones,012842
0.86,0.87,r,phones,012842
0.87,1.13,s,phones,012842
1.13,1.29,v,phones,012842
1.29,1.49,ei,phones,012842
1.49,1.61,t,phones,012842
1.61,1.98,n,phones,012842
1.98,1.99,ç,phones,012842
1.99,2.14,ɛ,phones,012842
2.14,2.38,t,phones,012842
2.38,2.51,n,phones,012842
2.51,2.6453125,a,phones,012842
