Begin,End,Label,Type,Speaker
0.7,1.08,hvað,words,012842
1.14,1.31,er,words,012842
1.31,1.55,að,words,012842
1.69,2.0053125,þér,words,012842
0.7,0.8,k,phones,012842
0.8,0.82,v,phones,012842
0.82,1.07,aː,phones,012842
1.07,1.08,ð,phones,012842
1.14,1.3,ɛː,phones,012842
1.3,1.31,r,phones,012842
1.31,1.54,aː,phones,012842
1.54,1.55,ð,phones,012842
1.69,1.74,θ,phones,012842
1.74,1.94,j,phones,012842
1.94,1.98,ɛː,phones,012842
1.98,2.0053125,r,phones,012842
