Begin,End,Label,Type,Speaker
0.52,0.82,var,words,016219
0.82,0.96,hún,words,016219
0.96,1.28,ekki,words,016219
1.28,1.4860625,ein,words,016219
0.52,0.61,v,phones,016219
0.61,0.79,aː,phones,016219
0.79,0.82,r,phones,016219
0.82,0.87,h,phones,016219
0.87,0.9,uː,phones,016219
0.9,0.96,n,phones,016219
0.96,1.04,ɛ,phones,016219
1.04,1.11,h,phones,016219
1.11,1.17,c,phones,016219
1.17,1.28,ɪ,phones,016219
1.28,1.44,eiː,phones,016219
1.44,1.4860625,n,phones,016219
